{"cameraMode":{"drawMode":0,"name":"Shaded","section":"Shading Mode"},"sceneLighting":false,"audioPlay":false,"sceneViewState":{"showFog":true,"showMaterialUpdate":false,"showSkybox":true,"showFlares":true,"showImageEffects":true,"showParticleSystems":true},"in2DMode":false,"pivot":{"x":10.594091415405274,"y":5.122830867767334,"z":-0.00909113883972168},"rotation":{"x":-0.10768313705921173,"y":-0.8135495781898499,"z":0.15969055891036988,"w":-0.5487294793128967},"size":52.002140045166019,"orthographic":false}