{"cameraMode":{"drawMode":0,"name":"Shaded","section":"Shading Mode"},"sceneLighting":false,"audioPlay":false,"sceneViewState":{"showFog":true,"showMaterialUpdate":false,"showSkybox":true,"showFlares":true,"showImageEffects":true,"showParticleSystems":true},"in2DMode":false,"pivot":{"x":9.347596168518067,"y":-2.0927963256835939,"z":-1.6091922521591187},"rotation":{"x":-0.15015119314193726,"y":-0.6978646516799927,"z":0.15337041020393372,"w":-0.6833617091178894},"size":18.483285903930665,"orthographic":false}