{"cameraMode":{"drawMode":0,"name":"Shaded","section":"Shading Mode"},"sceneLighting":false,"audioPlay":false,"sceneViewState":{"showFog":true,"showMaterialUpdate":false,"showSkybox":true,"showFlares":true,"showImageEffects":true,"showParticleSystems":true},"in2DMode":false,"pivot":{"x":0.8396350741386414,"y":1.7329587936401368,"z":0.5600000023841858},"rotation":{"x":-0.05849117413163185,"y":0.6917799711227417,"z":-0.056355878710746768,"w":-0.717572808265686},"size":22.0,"orthographic":false}