{"cameraMode":{"drawMode":0,"name":"Shaded","section":"Shading Mode"},"sceneLighting":false,"audioPlay":false,"sceneViewState":{"showFog":true,"showMaterialUpdate":false,"showSkybox":true,"showFlares":true,"showImageEffects":true,"showParticleSystems":true},"in2DMode":false,"pivot":{"x":0.1324152648448944,"y":-2.3040802478790285,"z":21.91980743408203},"rotation":{"x":-0.0722479447722435,"y":0.006582087371498346,"z":-0.0004520414222497493,"w":-0.9973979592323303},"size":22.0,"orthographic":false}