{"cameraMode":{"drawMode":0,"name":"Shaded","section":"Shading Mode"},"sceneLighting":false,"audioPlay":false,"sceneViewState":{"showFog":true,"showMaterialUpdate":false,"showSkybox":true,"showFlares":true,"showImageEffects":true,"showParticleSystems":true},"in2DMode":false,"pivot":{"x":18.80685806274414,"y":6.107018947601318,"z":-0.09087875485420227},"rotation":{"x":-0.18044735491275788,"y":-0.6730892658233643,"z":0.17461681365966798,"w":-0.6956769824028015},"size":3.54896879196167,"orthographic":false}