{"cameraMode":{"drawMode":0,"name":"Shaded","section":"Shading Mode"},"sceneLighting":true,"audioPlay":false,"sceneViewState":{"showFog":true,"showMaterialUpdate":false,"showSkybox":true,"showFlares":true,"showImageEffects":true,"showParticleSystems":true},"in2DMode":false,"pivot":{"x":-19.80963134765625,"y":-0.37334856390953066,"z":-19.686193466186525},"rotation":{"x":-0.00038312291144393384,"y":-0.9991509318351746,"z":0.04079827666282654,"w":-0.009886429645121098},"size":18.71070098876953,"orthographic":false}