{"cameraMode":{"drawMode":0,"name":"Shaded","section":"Shading Mode"},"sceneLighting":true,"audioPlay":false,"sceneViewState":{"showFog":true,"showMaterialUpdate":false,"showSkybox":true,"showFlares":true,"showImageEffects":true,"showParticleSystems":true},"in2DMode":false,"pivot":{"x":11.892082214355469,"y":8.323771476745606,"z":19.853775024414064},"rotation":{"x":0.07542137056589127,"y":0.7553050518035889,"z":-0.08831340819597244,"w":0.6450095176696777},"size":5492.01611328125,"orthographic":false}