{"cameraMode":{"drawMode":0,"name":"Shaded","section":"Shading Mode"},"sceneLighting":false,"audioPlay":false,"sceneViewState":{"showFog":true,"showMaterialUpdate":false,"showSkybox":true,"showFlares":true,"showImageEffects":true,"showParticleSystems":true},"in2DMode":false,"pivot":{"x":3.6454579830169679,"y":-1.7654935121536255,"z":-2.048007011413574},"rotation":{"x":-0.02677025832235813,"y":-0.7905474305152893,"z":0.034663595259189609,"w":-0.6108846068382263},"size":13.390685081481934,"orthographic":false}