{"cameraMode":{"drawMode":0,"name":"Shaded","section":"Shading Mode"},"sceneLighting":false,"audioPlay":false,"sceneViewState":{"showFog":true,"showMaterialUpdate":false,"showSkybox":true,"showFlares":true,"showImageEffects":true,"showParticleSystems":true},"in2DMode":false,"pivot":{"x":214.68780517578126,"y":3.986144542694092,"z":130.21519470214845},"rotation":{"x":-0.018270395696163179,"y":-0.9421527981758118,"z":0.3306266963481903,"w":-0.05206359922885895},"size":22.026817321777345,"orthographic":false}