{"cameraMode":{"drawMode":0,"name":"Shaded","section":"Shading Mode"},"sceneLighting":true,"audioPlay":false,"sceneViewState":{"showFog":true,"showMaterialUpdate":false,"showSkybox":true,"showFlares":true,"showImageEffects":true,"showParticleSystems":true},"in2DMode":false,"pivot":{"x":5784.98681640625,"y":1902.9110107421875,"z":-5671.7021484375},"rotation":{"x":0.19350744783878327,"y":0.2809976041316986,"z":-0.05795326456427574,"w":0.9382131099700928},"size":15500.8681640625,"orthographic":false}