{"cameraMode":{"drawMode":0,"name":"Shaded","section":"Shading Mode"},"sceneLighting":true,"audioPlay":false,"sceneViewState":{"showFog":true,"showMaterialUpdate":false,"showSkybox":true,"showFlares":true,"showImageEffects":true,"showParticleSystems":true},"in2DMode":false,"pivot":{"x":-10.465165138244629,"y":4.532757759094238,"z":5.09199857711792},"rotation":{"x":-0.18115197122097016,"y":0.10950049012899399,"z":-0.020299334079027177,"w":-0.9771345853805542},"size":18.483285903930665,"orthographic":false}