{"cameraMode":{"drawMode":0,"name":"Shaded","section":"Shading Mode"},"sceneLighting":true,"audioPlay":false,"sceneViewState":{"showFog":true,"showMaterialUpdate":false,"showSkybox":true,"showFlares":true,"showImageEffects":true,"showParticleSystems":true},"in2DMode":false,"pivot":{"x":-7432.41943359375,"y":18.966773986816408,"z":1660.796875},"rotation":{"x":-0.0548979714512825,"y":-0.8514718413352966,"z":0.09102708101272583,"w":-0.5135326385498047},"size":402.2467956542969,"orthographic":false}