{"cameraMode":{"drawMode":0,"name":"Shaded","section":"Shading Mode"},"sceneLighting":false,"audioPlay":false,"sceneViewState":{"showFog":true,"showMaterialUpdate":false,"showSkybox":true,"showFlares":true,"showImageEffects":true,"showParticleSystems":true},"in2DMode":false,"pivot":{"x":0.20493268966674806,"y":0.899857759475708,"z":0.8861724138259888},"rotation":{"x":-0.018270395696163179,"y":-0.9421527981758118,"z":0.3306266963481903,"w":-0.05206359922885895},"size":17.897294998168947,"orthographic":false}