{"cameraMode":{"drawMode":0,"name":"Shaded","section":"Shading Mode"},"sceneLighting":true,"audioPlay":false,"sceneViewState":{"showFog":true,"showMaterialUpdate":false,"showSkybox":true,"showFlares":true,"showImageEffects":true,"showParticleSystems":true},"in2DMode":false,"pivot":{"x":38.156429290771487,"y":-10.669242858886719,"z":7.8905534744262699},"rotation":{"x":-0.10768313705921173,"y":-0.8135495781898499,"z":0.15969055891036988,"w":-0.5487294793128967},"size":69.0949478149414,"orthographic":false}